Variabel,Mean_Abs_SHAP
h_luas_lantai_kapita,0.13533149571847283
h_aset_mobil,0.09084147938080396
h_proporsi_dewasa,0.05176364735542202
h_krt_status_kawin,0.045942999083221935
h_aset_emas,0.044952615393009945
h_perkotaan,0.04249503898126047
h_proporsi_melek_huruf,0.040633263162923414
h_aset_tv_datar,0.038955345982130456
h_krt_umur,0.037194108249285644
h_rata_rata_umur_art,0.03601481150348016
h_aset_kulkas,0.033928585285955916
h_aset_komputer,0.032668713638019695
h_krt_tamat_sma,0.03140938069879711
p_pengguna_listrik_pln,0.029250092387800197
h_aset_ac,0.02890950230247899
h_aset_sepeda_motor,0.024482925823607404
h_krt_jenjang_pendidikan,0.015963092087183998
p_latitude,0.015918791994876252
h_penerima_pkh,0.0155232848564871
p_pendidikan_kades,0.014251246173696091
p_longitude,0.01250996060415046
p_tanpa_angkutan_umum,0.011179388057232228
h_krt_perempuan,0.009215375602257037
h_aset_pemanas_air,0.008804940992487832
p_jarak_ke_surabaya,0.008667431798359309
h_bb_masak_bersih,0.007647056814638039
h_proporsi_balita,0.006523304057590788
p_bupati_jauh,0.006264109887732271
p_perdesaan,0.005665403061700223
p_sumber_pertanian,0.005443535243526767
p_sumber_jasa,0.005175664052463745
h_kloset_layak,0.0040822488404328875
p_akses_bank_ada,0.004075850118024132
p_camat_jauh,0.0036706321198699877
p_blank_spot,0.0035889150403211113
p_tepi_hutan,0.003304259071437368
h_lantai_layak,0.003258834445711287
h_rumah_bebas_sewa,0.0024098142681138724
h_rumah_kontrak_sewa,0.0019955687899313925
p_sumber_industri,0.001836757446004991
p_ada_fasilitas_pendidikan,0.0016041090620788603
p_gelap_gulita,0.001497430416481137
h_pembuangan_layak,0.001426380339100007
h_rumah_milik_sendiri,0.0011416158916904631
p_dalam_kawasan_hutan,0.0010013219791061095
h_listrik_rentan,0.0009946905895068026
h_sanitasi_layak,0.0009787564928423617
p_sentra_ekonomi_ada,0.0007457588610213749
h_aset_perahu,0.000726389007134494
h_aset_telepon,0.0007234477592599098
h_listrik_resmi,0.0006368418736145471
h_air_minum_layak,0.0006237199959934302
h_dinding_layak,0.0005197345488703442
h_rumah_dinas,0.00026737308456997993
h_atap_layak,1.9360810506605805e-05
h_log_luas_lantai_kapita,0.0
h_penerima_permodalan,0.0
p_ada_faskes_lengkap,0.0
