Cakupan,Model,RMSE,MAE,R_Square,Spearman,Kendall,IE_20%,EE_20%,Acc_20%,IE_40%,EE_40%,Acc_40%,AUC_ROC_20%,AUC_ROC_40%
Kabupaten 3513,XGBoost Lokal,0.4477,0.3286,0.4845,0.6178,0.4935,50.0,50.0,80.57,36.76,36.76,71.43,0.8162,0.7956
Kabupaten 3529,XGBoost Lokal,0.2898,0.2227,0.4542,0.6701,0.5303,44.12,44.12,82.95,32.35,32.35,75.0,0.8453,0.8137
Kabupaten 3524,XGBoost Lokal,0.4526,0.3685,0.3392,0.5873,0.447,50.0,50.0,80.46,36.76,36.76,71.26,0.808,0.7768
Kabupaten 3573,XGBoost Lokal,0.4356,0.3485,0.6344,0.773,0.6311,37.5,37.5,85.54,26.56,26.56,79.52,0.8846,0.8687
Kabupaten 3517,XGBoost Lokal,0.4662,0.3539,0.381,0.5468,0.4259,52.78,52.78,78.89,47.22,47.22,62.22,0.7755,0.7049
Kabupaten 3515,XGBoost Lokal,0.4046,0.3069,0.5213,0.7177,0.5678,57.89,57.89,77.55,27.63,27.63,78.57,0.8023,0.8534
Kabupaten 3508,XGBoost Lokal,0.4041,0.3251,0.4083,0.6593,0.5225,40.62,40.62,84.62,32.81,32.81,75.15,0.8807,0.8531
Kabupaten 3507,XGBoost Lokal,0.4539,0.37,0.5242,0.7099,0.56,50.0,50.0,80.49,30.0,30.0,76.59,0.8114,0.8566
Kabupaten 3519,XGBoost Lokal,0.4224,0.3308,0.3715,0.5909,0.4592,50.0,50.0,80.12,35.94,35.94,71.43,0.8106,0.7632
Kabupaten 3522,XGBoost Lokal,0.3919,0.3081,0.5524,0.6741,0.5393,41.18,41.18,84.27,32.35,32.35,75.28,0.8572,0.8079
Kabupaten 3578,XGBoost Lokal,0.462,0.3538,0.551,0.7155,0.5728,52.5,52.5,79.81,27.5,27.5,78.85,0.8249,0.8619
Kabupaten 3518,XGBoost Lokal,0.4282,0.3327,0.2665,0.483,0.364,47.06,47.06,81.4,39.71,39.71,68.6,0.8182,0.7388
Kabupaten 3501,XGBoost Lokal,0.4226,0.3274,0.4907,0.6823,0.5407,43.33,43.33,83.12,33.33,33.33,74.03,0.8522,0.8287
Kabupaten 3506,XGBoost Lokal,0.4682,0.3651,0.365,0.5923,0.4597,52.78,52.78,79.57,31.94,31.94,75.27,0.7965,0.7918
Kabupaten 3574,XGBoost Lokal,0.3495,0.2582,0.4526,0.6631,0.5241,50.0,50.0,81.25,37.5,37.5,71.88,0.8013,0.824
Kabupaten 3575,XGBoost Lokal,0.4045,0.2875,0.4729,0.6359,0.4972,50.0,50.0,80.33,37.5,37.5,70.49,0.7457,0.7621
Kabupaten 3571,XGBoost Lokal,0.3951,0.3121,0.4959,0.7085,0.5593,42.31,42.31,83.33,36.54,36.54,71.21,0.8258,0.812
Kabupaten 3526,XGBoost Lokal,0.3786,0.2931,0.5405,0.7085,0.564,34.38,34.38,86.75,29.69,29.69,77.11,0.9049,0.8303
Kabupaten 3527,XGBoost Lokal,0.3744,0.2864,0.2958,0.5699,0.4469,46.88,46.88,81.93,34.38,34.38,73.49,0.7437,0.7788
Kabupaten 3523,XGBoost Lokal,0.3914,0.3029,0.4855,0.7042,0.5561,55.88,55.88,78.41,30.88,30.88,76.14,0.8513,0.846
Kabupaten 3577,XGBoost Lokal,0.516,0.3685,0.4533,0.698,0.5496,41.67,41.67,83.61,20.83,20.83,83.61,0.8559,0.9003
Kabupaten 3528,XGBoost Lokal,0.3818,0.3036,0.4728,0.6112,0.4803,50.0,50.0,80.49,39.06,39.06,69.51,0.8447,0.7933
Kabupaten 3510,XGBoost Lokal,0.4005,0.3109,0.4913,0.6963,0.5493,50.0,50.0,80.0,32.89,32.89,73.68,0.8236,0.8343
Kabupaten 3509,XGBoost Lokal,0.3602,0.2701,0.5794,0.7617,0.6066,47.5,47.5,81.37,30.0,30.0,76.47,0.8438,0.8461
Kabupaten 3514,XGBoost Lokal,0.4393,0.3393,0.4456,0.6662,0.5163,47.22,47.22,81.72,33.33,33.33,74.19,0.8081,0.847
Kabupaten 3504,XGBoost Lokal,0.4339,0.337,0.3488,0.6142,0.4844,35.29,35.29,86.21,35.29,35.29,72.41,0.8685,0.7721
Kabupaten 3516,XGBoost Lokal,0.4468,0.3502,0.3572,0.575,0.4469,58.82,58.82,77.01,36.76,36.76,71.26,0.7828,0.7764
Kabupaten 3512,XGBoost Lokal,0.4699,0.3468,0.3277,0.5918,0.4604,56.25,56.25,77.78,32.81,32.81,74.07,0.7716,0.816
Kabupaten 3502,XGBoost Lokal,0.4445,0.367,0.2852,0.548,0.4136,50.0,50.0,80.0,32.35,32.35,74.12,0.8168,0.793
Kabupaten 3572,XGBoost Lokal,0.4778,0.3702,0.3309,0.6117,0.4668,59.09,59.09,77.59,38.64,38.64,70.69,0.751,0.7951
Kabupaten 3520,XGBoost Lokal,0.4893,0.3976,0.3817,0.5882,0.4455,60.0,60.0,77.22,35.0,35.0,73.42,0.7398,0.8119
Kabupaten 3576,XGBoost Lokal,0.315,0.259,0.5233,0.6691,0.5136,59.09,59.09,76.79,29.55,29.55,76.79,0.7753,0.8259
Kabupaten 3521,XGBoost Lokal,0.3694,0.289,0.4577,0.6073,0.4732,56.25,56.25,78.57,35.94,35.94,72.62,0.7762,0.7822
Kabupaten 3505,XGBoost Lokal,0.4608,0.3615,0.4312,0.6212,0.4796,50.0,50.0,80.9,33.82,33.82,74.16,0.846,0.7944
Kabupaten 3511,XGBoost Lokal,0.3824,0.287,0.4027,0.5766,0.4423,62.5,62.5,75.9,37.5,37.5,71.08,0.7432,0.7739
Kabupaten 3503,XGBoost Lokal,0.4287,0.3383,0.3976,0.6219,0.4876,50.0,50.0,80.25,35.94,35.94,71.6,0.8106,0.8144
Kabupaten 3579,XGBoost Lokal,0.4822,0.3527,0.4105,0.6776,0.5385,41.67,41.67,83.87,27.08,27.08,79.03,0.8346,0.8405
Kabupaten 3525,XGBoost Lokal,0.4222,0.328,0.4177,0.6397,0.4972,61.76,61.76,76.27,27.94,27.94,78.53,0.8322,0.8287
