Variabel,Gain,Persentase_Gain
h_aset_mobil,0.2531551,25.315514
h_aset_ac,0.09702533,9.702534
h_aset_emas,0.04276056,4.2760563
h_aset_komputer,0.033638775,3.363878
h_aset_tv_datar,0.03170454,3.1704545
h_krt_tamat_sma,0.025415752,2.5415754
h_luas_lantai_kapita,0.025378663,2.5378666
p_gelap_gulita,0.02045346,2.0453463
h_proporsi_dewasa,0.020227619,2.022762
h_proporsi_melek_huruf,0.019988615,1.9988617
h_aset_pemanas_air,0.017881839,1.788184
h_aset_kulkas,0.017669907,1.7669909
h_krt_status_kawin,0.016367832,1.6367834
kode_kab,0.0141632715,1.4163272
h_aset_sepeda_motor,0.013113086,1.3113087
h_penerima_pkh,0.012671193,1.2671194
p_latitude,0.012576697,1.2576698
h_lantai_layak,0.012457967,1.2457968
p_dalam_kawasan_hutan,0.0119286515,1.1928653
h_aset_telepon,0.011596632,1.1596633
p_jarak_ke_surabaya,0.010959457,1.0959457
p_longitude,0.010908033,1.0908034
h_kloset_layak,0.010787631,1.0787632
h_proporsi_balita,0.010402243,1.0402243
h_krt_jenjang_pendidikan,0.010279228,1.0279229
h_krt_perempuan,0.009710704,0.97107047
p_pengguna_listrik_pln,0.008941546,0.8941547
p_sumber_jasa,0.008829998,0.8829999
h_log_luas_lantai_kapita,0.008598362,0.8598363
h_aset_perahu,0.008596606,0.8596606
p_ada_fasilitas_pendidikan,0.008373568,0.83735687
h_perkotaan,0.0082969675,0.82969683
h_rata_rata_umur_art,0.008154664,0.8154665
p_perdesaan,0.007966215,0.79662156
h_rumah_dinas,0.007966077,0.7966078
p_camat_jauh,0.007688987,0.7688987
h_bb_masak_bersih,0.007684858,0.76848584
p_tanpa_angkutan_umum,0.007633218,0.7633219
p_sumber_pertanian,0.007564547,0.75645477
p_pendidikan_kades,0.0075359666,0.7535967
h_rumah_kontrak_sewa,0.007321926,0.73219264
p_sumber_industri,0.007233005,0.7233006
p_blank_spot,0.0071870433,0.7187044
h_penerima_permodalan,0.0071787704,0.7178771
p_akses_bank_ada,0.0070908973,0.70908976
p_tepi_hutan,0.007021336,0.70213366
p_bupati_jauh,0.006664332,0.6664333
h_krt_umur,0.006641537,0.66415375
h_air_minum_layak,0.006283575,0.6283576
p_ada_faskes_lengkap,0.0062050107,0.6205011
p_sentra_ekonomi_ada,0.005612656,0.56126565
h_sanitasi_layak,0.005470696,0.5470696
h_pembuangan_layak,0.005250752,0.52507526
h_listrik_resmi,0.0051999255,0.5199926
h_rumah_bebas_sewa,0.0050217523,0.5021753
h_listrik_rentan,0.004607958,0.46079582
h_dinding_layak,0.0045887926,0.4588793
h_atap_layak,0.004199952,0.41999525
h_rumah_milik_sendiri,0.004165738,0.41657382
